node_pair_id,ans
0,1
1,0
2,1
3,0
4,0
5,0
6,1
7,0
8,1
9,0
10,1
11,1
12,1
13,0
14,1
15,0
16,1
17,0
18,1
19,0
20,0
21,1
22,0
23,1
24,1
25,1
26,1
27,0
28,1
29,1
30,1
31,1
32,1
33,1
34,1
35,1
36,1
37,1
38,0
39,0
40,1
41,1
42,1
43,0
44,1
45,1
46,0
47,1
48,1
49,1
50,1
51,1
52,1
53,1
54,1
55,0
56,0
57,0
58,0
59,0
60,0
61,0
62,0
63,1
64,1
65,1
66,1
67,1
68,0
69,1
70,0
71,1
72,0
73,1
74,1
75,0
76,0
77,0
78,1
79,1
80,0
81,1
82,0
83,1
84,1
85,1
86,1
87,0
88,1
89,1
90,1
91,1
92,1
93,0
94,0
95,1
96,1
97,0
98,0
99,0
100,1
101,1
102,0
103,1
104,1
105,1
106,1
107,1
108,1
109,0
110,1
111,0
112,0
113,0
114,0
115,1
116,1
117,0
118,0
119,0
120,1
121,0
122,0
123,0
124,0
125,1
126,1
127,1
128,1
129,0
130,0
131,0
132,1
133,1
134,0
135,1
136,0
137,0
138,1
139,1
140,0
141,1
142,1
143,1
144,0
145,1
146,1
147,0
148,0
149,0
150,0
151,1
152,0
153,1
154,1
155,1
156,0
157,1
158,1
159,1
160,1
161,0
162,1
163,0
164,1
165,1
166,1
167,0
168,0
169,1
170,1
171,0
172,0
173,1
174,1
175,1
176,1
177,1
178,1
179,1
180,1
181,1
182,0
183,1
184,0
185,0
186,1
187,1
188,1
189,1
190,1
191,0
192,0
193,0
194,1
195,0
196,1
197,0
198,0
199,0
200,1
201,0
202,1
203,0
204,0
205,0
206,1
207,1
208,0
209,1
210,1
211,1
212,1
213,1
214,0
215,0
216,1
217,1
218,0
219,0
220,0
221,1
222,0
223,1
224,1
225,0
226,1
227,1
228,0
229,0
230,1
231,1
232,1
233,0
234,1
235,0
236,1
237,1
238,1
239,1
240,1
241,1
242,1
243,1
244,1
245,1
246,1
247,1
248,1
249,1
250,0
251,1
252,1
253,0
254,1
255,1
256,1
257,0
258,1
259,1
260,0
261,1
262,1
263,1
264,1
265,0
266,1
267,1
268,0
269,0
270,0
271,0
272,0
273,1
274,1
275,0
276,1
277,1
278,1
279,1
280,1
281,1
282,0
283,0
284,0
285,1
286,0
287,1
288,0
289,1
290,0
291,0
292,1
293,0
294,1
295,1
296,0
297,1
298,0
299,0
300,0
301,0
302,0
303,1
304,0
305,1
306,0
307,0
308,1
309,1
310,0
311,1
312,0
313,0
314,0
315,1
316,0
317,1
318,1
319,0
320,0
321,1
322,1
323,1
324,1
325,1
326,0
327,0
328,1
329,1
330,1
331,0
332,0
333,1
334,1
335,0
336,0
337,0
338,0
339,1
340,0
341,1
342,1
343,1
344,1
345,0
346,1
347,1
348,0
349,1
350,1
351,0
352,1
353,1
354,1
355,0
356,1
357,1
358,1
359,1
360,1
361,1
362,0
363,1
364,0
365,0
366,1
367,1
368,0
369,0
370,0
371,0
372,0
373,0
374,1
375,1
376,0
377,1
378,0
379,0
380,1
381,0
382,0
383,0
384,0
385,1
386,1
387,1
388,0
389,0
390,0
391,0
392,1
393,1
394,0
395,1
396,0
397,0
398,0
399,1
400,0
401,0
402,0
403,1
404,1
405,0
406,1
407,0
408,0
409,0
410,0
411,0
412,0
413,1
414,0
415,1
416,1
417,1
418,0
419,1
420,1
421,1
422,1
423,1
424,1
425,1
426,1
427,1
428,1
429,1
430,1
431,0
432,0
433,0
434,1
435,0
436,0
437,0
438,0
439,0
440,1
441,0
442,1
443,0
444,0
445,1
446,0
447,1
448,1
449,1
450,0
451,1
452,1
453,1
454,1
455,1
456,1
457,1
458,0
459,1
460,1
461,0
462,1
463,1
464,0
465,0
466,1
467,1
468,1
469,0
470,0
471,1
472,1
473,0
474,1
475,0
476,0
477,1
478,0
479,1
480,1
481,1
482,1
483,1
484,1
485,1
486,1
487,1
488,0
489,0
490,0
491,1
492,0
493,0
494,0
495,1
496,0
497,1
498,1
499,0
500,1
501,0
502,1
503,1
504,1
505,1
506,1
507,1
508,1
509,1
510,0
511,0
512,1
513,1
514,1
515,1
516,1
517,1
518,0
519,1
520,1
521,1
522,1
523,1
524,0
525,1
526,1
527,0
528,1
529,1
530,1
531,1
532,1
533,0
534,0
535,0
536,1
537,0
538,1
539,0
540,1
541,1
542,0
543,0
544,1
545,1
546,0
547,1
548,1
549,1
550,1
551,1
552,1
553,0
554,0
555,1
556,1
557,0
558,1
559,1
560,0
561,1
562,1
563,0
564,1
565,1
566,0
567,1
568,1
569,1
570,1
571,0
572,0
573,1
574,1
575,0
576,0
577,1
578,1
579,1
580,0
581,0
582,1
583,1
584,1
585,0
586,0
587,1
588,1
589,1
590,1
591,0
592,1
593,1
594,0
595,0
596,1
597,0
598,1
599,0
600,1
601,1
602,0
603,1
604,1
605,0
606,0
607,0
608,0
609,1
610,1
611,0
612,0
613,1
614,1
615,0
616,0
617,1
618,0
619,1
620,0
621,0
622,0
623,1
624,1
625,1
626,1
627,1
628,1
629,0
630,1
631,0
632,1
633,0
634,1
635,1
636,0
637,0
638,1
639,1
640,0
641,1
642,0
643,1
644,1
645,1
646,1
647,1
648,1
649,0
650,1
651,0
652,0
653,1
654,0
655,0
656,0
657,1
658,1
659,1
660,0
661,0
662,1
663,0
664,0
665,0
666,0
667,1
668,0
669,1
670,1
671,1
672,1
673,0
674,0
675,1
676,0
677,0
678,1
679,1
680,1
681,1
682,1
683,1
684,1
685,1
686,1
687,0
688,0
689,0
690,1
691,1
692,1
693,1
694,1
695,0
696,1
697,1
698,0
699,1
700,0
701,1
702,1
703,0
704,0
705,1
706,0
707,0
708,1
709,1
710,0
711,1
712,1
713,1
714,0
715,0
716,1
717,1
718,1
719,0
720,1
721,1
722,1
723,1
724,0
725,1
726,1
727,1
728,0
729,1
730,0
731,1
732,0
733,0
734,0
735,1
736,1
737,0
738,1
739,1
740,1
741,1
742,0
743,0
744,0
745,0
746,1
747,1
748,0
749,1
750,1
751,1
752,1
753,1
754,0
755,1
756,0
757,0
758,1
759,1
760,1
761,0
762,0
763,1
764,0
765,0
766,1
767,1
768,1
769,0
770,0
771,0
772,0
773,1
774,0
775,0
776,1
777,0
778,0
779,1
780,1
781,1
782,0
783,1
784,0
785,1
786,1
787,0
788,1
789,1
790,0
791,0
792,0
793,1
794,1
795,1
796,0
797,0
798,1
799,1
800,1
801,0
802,1
803,0
804,0
805,1
806,1
807,1
808,0
809,0
810,1
811,1
812,0
813,1
814,0
815,1
816,1
817,1
818,0
819,1
820,1
821,1
822,1
823,1
824,0
825,1
826,0
827,0
828,0
829,1
830,0
831,0
832,1
833,1
834,1
835,1
836,1
837,1
838,0
839,0
840,1
841,1
842,0
843,0
844,1
845,0
846,1
847,1
848,0
849,0
850,0
851,1
852,0
853,1
854,1
855,1
856,0
857,1
858,0
859,0
860,0
861,1
862,0
863,0
864,1
865,0
866,0
867,0
868,1
869,1
870,0
871,0
872,0
873,1
874,1
875,1
876,0
877,0
878,1
879,0
880,0
881,1
882,1
883,1
884,0
885,1
886,0
887,1
888,1
889,0
890,0
891,1
892,0
893,0
894,1
895,1
896,0
897,1
898,0
899,0
900,1
901,0
902,0
903,0
904,0
905,0
906,1
907,0
908,1
909,1
910,1
911,1
912,1
913,1
914,0
915,0
916,0
917,1
918,0
919,1
920,1
921,1
922,1
923,1
924,1
925,0
926,0
927,0
928,1
929,0
930,1
931,1
932,0
933,0
934,1
935,1
936,1
937,0
938,1
939,0
940,1
941,0
942,0
943,1
944,1
945,0
946,1
947,1
948,1
949,1
950,0
951,0
952,1
953,0
954,1
955,0
956,0
957,1
958,1
959,0
960,1
961,1
962,1
963,1
964,1
965,1
966,1
967,0
968,0
969,1
970,0
971,1
972,1
973,1
974,1
975,1
976,0
977,0
978,0
979,1
980,1
981,1
982,1
983,0
984,1
985,0
986,1
987,0
988,0
989,0
990,1
991,0
992,1
993,1
994,1
995,0
996,0
997,0
998,1
999,0
1000,1
1001,1
1002,1
1003,1
1004,1
1005,0
1006,1
1007,0
1008,1
1009,0
1010,1
1011,0
1012,1
1013,1
1014,0
1015,1
1016,1
1017,1
1018,0
1019,0
1020,1
1021,1
1022,0
1023,1
1024,0
1025,1
1026,1
1027,0
1028,1
1029,1
1030,0
1031,0
1032,1
1033,0
1034,1
1035,1
1036,0
1037,1
1038,0
1039,1
1040,0
1041,0
1042,0
1043,0
1044,0
1045,1
1046,1
1047,1
1048,1
1049,1
1050,1
1051,0
1052,1
1053,0
1054,1
1055,0
1056,0
1057,0
1058,1
1059,0
1060,0
1061,1
1062,1
1063,1
1064,1
1065,0
1066,0
1067,0
1068,0
1069,1
1070,1
1071,1
1072,1
1073,1
1074,1
1075,1
1076,0
1077,1
1078,1
1079,1
1080,1
1081,1
1082,0
1083,0
1084,1
1085,1
1086,0
1087,0
1088,0
1089,1
1090,0
1091,1
1092,1
1093,0
1094,1
1095,0
1096,1
1097,0
1098,0
1099,0
1100,0
1101,0
1102,0
1103,1
1104,1
1105,1
1106,0
1107,0
1108,1
1109,0
1110,1
1111,1
1112,1
1113,1
1114,0
1115,0
1116,0
1117,1
1118,0
1119,0
1120,1
1121,0
1122,0
1123,0
1124,1
1125,0
1126,0
1127,0
1128,0
1129,1
1130,1
1131,0
1132,0
1133,0
1134,1
1135,1
1136,0
1137,1
1138,1
1139,0
1140,0
1141,1
1142,1
1143,1
1144,0
1145,1
1146,0
1147,0
1148,0
1149,0
1150,1
1151,0
1152,1
1153,0
1154,1
1155,1
1156,1
1157,1
1158,1
1159,0
1160,1
1161,1
1162,0
1163,1
1164,0
1165,0
1166,0
1167,1
1168,1
1169,1
1170,0
1171,1
1172,1
1173,1
1174,1
1175,0
1176,0
1177,1
1178,1
1179,1
1180,1
1181,1
1182,1
1183,1
1184,1
1185,0
1186,0
1187,0
1188,1
1189,0
1190,0
1191,1
1192,0
1193,1
1194,0
1195,0
1196,0
1197,0
1198,1
1199,0
1200,1
1201,1
1202,0
1203,0
1204,0
1205,0
1206,1
1207,0
1208,1
1209,0
1210,1
1211,0
1212,1
1213,1
1214,1
1215,1
1216,1
1217,1
1218,0
1219,0
1220,0
1221,0
1222,1
1223,1
1224,0
1225,0
1226,1
1227,0
1228,0
1229,1
1230,1
1231,1
1232,1
1233,1
1234,0
1235,1
1236,1
1237,0
1238,0
1239,1
1240,1
1241,1
1242,1
1243,1
1244,1
1245,1
1246,0
1247,0
1248,1
1249,1
1250,0
1251,0
1252,0
1253,0
1254,1
1255,0
1256,0
1257,1
1258,1
1259,0
1260,1
1261,0
1262,1
1263,0
1264,0
1265,1
1266,0
1267,0
1268,0
1269,1
1270,0
1271,1
1272,1
1273,0
1274,1
1275,1
1276,1
1277,1
1278,1
1279,1
1280,1
1281,1
1282,1
1283,0
1284,0
1285,0
1286,1
1287,1
1288,1
1289,1
1290,0
1291,1
1292,0
1293,0
1294,0
1295,0
1296,0
1297,1
1298,0
1299,1
1300,0
1301,0
1302,1
1303,1
1304,0
1305,1
1306,0
1307,0
1308,0
1309,0
1310,1
1311,1
1312,0
1313,1
1314,1
1315,0
1316,0
1317,0
1318,0
1319,1
1320,0
1321,0
1322,1
1323,0
1324,0
1325,0
1326,0
1327,1
1328,0
1329,1
1330,0
1331,0
1332,0
1333,0
1334,1
1335,0
1336,1
1337,0
1338,1
1339,0
1340,1
1341,1
1342,0
1343,1
1344,0
1345,0
1346,1
1347,1
1348,0
1349,0
1350,0
1351,0
1352,1
1353,0
1354,1
1355,1
1356,1
1357,0
1358,1
1359,1
1360,0
1361,1
1362,1
1363,0
1364,1
1365,1
1366,0
1367,0
1368,1
1369,1
1370,0
1371,1
1372,0
1373,1
1374,0
1375,0
1376,1
1377,1
1378,1
1379,0
1380,1
1381,0
1382,0
1383,1
1384,1
1385,1
1386,0
1387,1
1388,0
1389,0
1390,1
1391,1
1392,0
1393,0
1394,1
1395,0
1396,1
1397,0
1398,0
1399,1
1400,0
1401,0
1402,1
1403,1
1404,0
1405,1
1406,0
1407,1
1408,1
1409,1
1410,1
1411,1
1412,0
1413,0
1414,0
1415,0
1416,0
1417,1
1418,0
1419,1
1420,0
1421,0
1422,0
1423,0
1424,1
1425,0
1426,1
1427,0
1428,1
1429,1
1430,1
1431,0
1432,1
1433,0
1434,1
1435,0
1436,1
1437,0
1438,1
1439,1
1440,0
1441,1
1442,0
1443,0
1444,1
1445,1
1446,1
1447,1
1448,1
1449,0
1450,0
1451,0
1452,0
1453,0
1454,1
1455,0
1456,0
1457,0
1458,1
1459,1
1460,1
1461,0
1462,1
1463,1
1464,0
1465,0
1466,1
1467,1
1468,0
1469,0
1470,1
1471,0
1472,0
1473,1
1474,0
1475,0
1476,0
1477,1
1478,0
1479,1
1480,0
1481,1
1482,0
1483,1
1484,0
1485,0
1486,0
1487,1
1488,0
1489,0
1490,1
1491,1
1492,1
1493,0
1494,1
1495,0
1496,1
1497,1
1498,0
1499,1
1500,1
1501,1
1502,0
1503,0
1504,1
1505,1
1506,1
1507,0
1508,0
1509,0
1510,1
1511,0
1512,0
1513,0
1514,0
1515,1
1516,1
1517,1
1518,1
1519,1
1520,0
1521,0
1522,1
1523,0
1524,1
1525,1
1526,0
1527,1
1528,0
1529,1
1530,1
1531,1
1532,1
1533,1
1534,0
1535,0
1536,0
1537,1
1538,1
1539,1
1540,1
1541,1
1542,0
1543,0
1544,1
1545,1
1546,1
1547,0
1548,0
1549,0
1550,0
1551,1
1552,0
1553,0
1554,0
1555,0
1556,0
1557,0
1558,1
1559,0
1560,0
1561,0
1562,0
1563,1
1564,1
1565,1
1566,1
1567,0
1568,0
1569,1
1570,1
1571,1
1572,1
1573,1
1574,1
1575,1
1576,0
1577,1
1578,1
1579,1
1580,0
1581,0
1582,0
1583,1
1584,1
1585,0
1586,1
1587,1
1588,1
1589,1
1590,1
1591,0
1592,1
1593,1
1594,1
1595,1
1596,1
1597,0
1598,1
1599,0
1600,1
1601,0
1602,1
1603,1
1604,1
1605,0
1606,1
1607,1
1608,1
1609,0
1610,1
1611,1
1612,0
1613,1
1614,1
1615,1
1616,1
1617,1
1618,1
1619,1
1620,1
1621,1
1622,0
1623,0
1624,1
1625,1
1626,0
1627,1
1628,1
1629,0
1630,0
1631,0
1632,1
1633,1
1634,1
1635,1
1636,1
1637,1
1638,0
1639,0
1640,1
1641,0
1642,1
1643,0
1644,0
1645,1
1646,0
1647,1
1648,1
1649,0
1650,0
1651,0
1652,0
1653,1
1654,1
1655,1
1656,1
1657,0
1658,0
1659,0
1660,0
1661,1
1662,1
1663,0
1664,1
1665,0
1666,0
1667,0
1668,1
1669,1
1670,1
1671,1
1672,0
1673,1
1674,0
1675,1
1676,1
1677,1
1678,0
1679,0
1680,0
1681,0
1682,1
1683,0
1684,1
1685,1
1686,0
1687,0
1688,1
1689,1
1690,0
1691,1
1692,1
1693,1
1694,0
1695,0
1696,0
1697,1
1698,1
1699,1
1700,1
1701,0
1702,0
1703,1
1704,0
1705,1
1706,0
1707,1
1708,0
1709,1
1710,0
1711,0
1712,1
1713,0
1714,0
1715,1
1716,0
1717,0
1718,0
1719,1
1720,0
1721,0
1722,0
1723,0
1724,0
1725,1
1726,1
1727,0
1728,0
1729,1
1730,1
1731,0
1732,1
1733,1
1734,0
1735,0
1736,1
1737,0
1738,1
1739,1
1740,1
1741,0
1742,0
1743,1
1744,1
1745,1
1746,1
1747,1
1748,0
1749,0
1750,1
1751,1
1752,0
1753,0
1754,1
1755,1
1756,0
1757,0
1758,0
1759,1
1760,0
1761,0
1762,1
1763,1
1764,1
1765,0
1766,1
1767,0
1768,1
1769,0
1770,1
1771,1
1772,0
1773,1
1774,1
1775,1
1776,1
1777,1
1778,0
1779,1
1780,1
1781,1
1782,0
1783,1
1784,1
1785,1
1786,1
1787,1
1788,0
1789,0
1790,1
1791,1
1792,1
1793,0
1794,1
1795,0
1796,1
1797,0
1798,1
1799,1
1800,1
1801,1
1802,1
1803,0
1804,1
1805,1
1806,0
1807,0
1808,0
1809,1
1810,1
1811,0
1812,0
1813,1
1814,0
1815,1
1816,1
1817,1
1818,1
1819,1
1820,0
1821,0
1822,1
1823,0
1824,0
1825,1
1826,1
1827,1
1828,1
1829,0
1830,1
1831,1
1832,1
1833,1
1834,0
1835,1
1836,0
1837,0
1838,0
1839,1
1840,0
1841,0
1842,1
1843,0
1844,1
1845,1
1846,0
1847,0
1848,1
1849,0
1850,1
1851,0
1852,0
1853,1
1854,0
1855,1
1856,0
1857,0
1858,0
1859,1
1860,0
1861,1
1862,0
1863,0
1864,1
1865,1
1866,0
1867,1
1868,1
1869,1
1870,0
1871,0
1872,0
1873,1
1874,1
1875,0
1876,1
1877,1
1878,1
1879,1
1880,0
1881,0
1882,0
1883,1
1884,1
1885,1
1886,0
1887,1
1888,1
1889,1
1890,0
1891,1
1892,1
1893,0
1894,0
1895,0
1896,1
1897,1
1898,0
1899,0
1900,1
1901,0
1902,1
1903,1
1904,0
1905,1
1906,1
1907,1
1908,0
1909,0
1910,0
1911,1
1912,1
1913,1
1914,1
1915,1
1916,1
1917,1
1918,0
1919,1
1920,1
1921,0
1922,1
1923,1
1924,0
1925,1
1926,1
1927,1
1928,0
1929,0
1930,0
1931,0
1932,1
1933,0
1934,1
1935,1
1936,0
1937,0
1938,1
1939,1
1940,1
1941,0
1942,0
1943,1
1944,0
1945,1
1946,1
1947,0
1948,1
1949,1
1950,1
1951,1
1952,0
1953,1
1954,1
1955,0
1956,1
1957,1
1958,1
1959,0
1960,1
1961,1
1962,1
1963,0
1964,1
1965,1
1966,1
1967,1
1968,0
1969,1
1970,0
1971,0
1972,1
1973,0
1974,1
1975,0
1976,1
1977,1
1978,0
1979,1
1980,0
1981,1
1982,1
1983,0
1984,1
1985,0
1986,0
1987,0
1988,0
1989,0
1990,0
1991,0
1992,0
1993,1
1994,1
1995,1
1996,1
1997,1
1998,1
1999,1
2000,1
2001,0
2002,0
2003,1
2004,1
2005,0
2006,0
2007,0
2008,1
2009,1
2010,1
2011,1
2012,1
2013,0
2014,1
2015,1
2016,1
2017,0
2018,0
2019,0
2020,0
2021,1
2022,1
2023,1
2024,0
2025,1
2026,1
2027,1
2028,1
2029,0
2030,0
2031,0
2032,1
2033,1
2034,1
2035,1
2036,1
2037,1
2038,1
2039,0
2040,1
2041,0
2042,1
2043,1
2044,1
2045,0
2046,1
2047,1
2048,0
2049,0
2050,1
2051,1
2052,1
2053,0
2054,1
2055,0
2056,0
2057,1
2058,0
2059,0
2060,0
2061,1
2062,0
2063,0
2064,0
2065,1
2066,1
2067,1
2068,1
2069,0
2070,1
2071,0
2072,1
2073,1
2074,0
2075,1
2076,1
2077,1
2078,1
2079,0
2080,0
2081,0
2082,0
2083,1
2084,0
2085,0
2086,1
2087,0
2088,0
2089,1
2090,1
2091,1
2092,1
2093,0
2094,1
2095,1
2096,1
2097,1
2098,0
2099,1
2100,0
2101,1
2102,0
2103,0
2104,0
2105,1
2106,1
2107,1
2108,0
2109,0
2110,0
2111,1
2112,1
2113,1
2114,1
2115,1
2116,1
2117,1
2118,0
2119,1
2120,1
2121,1
2122,0
2123,1
2124,0
2125,0
2126,0
2127,1
2128,0
2129,0
2130,0
2131,0
2132,0
2133,1
2134,0
2135,1
2136,1
2137,0
2138,0
2139,0
2140,1
2141,1
2142,0
2143,1
2144,0
2145,1
2146,0
2147,1
2148,0
2149,1
2150,1
2151,1
2152,1
2153,1
2154,0
2155,1
2156,0
2157,1
2158,1
2159,1
2160,0
2161,0
2162,1
2163,0
2164,1
2165,1
2166,1
2167,1
2168,0
2169,1
2170,0
2171,1
2172,0
2173,1
2174,1
2175,0
2176,1
2177,0
2178,0
2179,1
2180,0
2181,0
2182,0
2183,0
2184,0
2185,1
2186,1
2187,0
2188,1
2189,1
2190,1
2191,0
2192,1
2193,0
2194,1
2195,0
2196,1
2197,0
2198,1
2199,0
2200,1
2201,1
2202,1
2203,0
2204,1
2205,1
2206,0
2207,1
2208,1
2209,0
2210,1
2211,1
2212,1
2213,0
2214,1
2215,0
2216,0
2217,0
2218,1
2219,0
2220,1
2221,1
2222,0
2223,0
2224,1
2225,1
2226,1
2227,1
2228,0
2229,0
2230,1
2231,1
2232,0
2233,1
2234,0
2235,1
2236,1
2237,0
2238,0
2239,0
2240,0
2241,1
2242,1
2243,0
2244,1
2245,0
2246,1
2247,1
2248,0
2249,0
2250,1
2251,0
2252,1
2253,1
2254,0
2255,0
2256,1
2257,1
2258,0
2259,1
2260,1
2261,1
2262,1
2263,1
2264,1
2265,0
2266,1
2267,0
2268,1
2269,1
2270,1
2271,1
2272,0
2273,0
2274,1
2275,0
2276,0
2277,1
2278,1
2279,1
2280,1
2281,1
2282,0
2283,1
2284,0
2285,1
2286,1
2287,0
2288,0
2289,0
2290,1
2291,1
2292,0
2293,0
2294,1
2295,1
2296,1
2297,1
2298,0
2299,0
2300,0
2301,1
2302,1
2303,0
2304,1
2305,0
2306,0
2307,0
2308,1
2309,1
2310,1
2311,0
2312,1
2313,1
2314,0
2315,0
2316,0
2317,1
2318,1
2319,0
2320,1
2321,1
2322,0
2323,1
2324,1
2325,1
2326,0
2327,0
2328,0
2329,1
2330,1
2331,0
2332,1
2333,0
2334,1
2335,1
2336,0
2337,0
2338,0
2339,0
2340,1
2341,0
2342,1
2343,0
2344,0
2345,1
2346,1
2347,1
2348,1
2349,0
2350,0
2351,0
2352,0
2353,0
2354,0
2355,1
2356,1
2357,0
2358,0
2359,1
2360,0
2361,1
2362,1
2363,1
2364,1
2365,1
2366,0
2367,1
2368,1
2369,1
2370,1
2371,1
2372,0
2373,1
2374,0
2375,0
2376,1
2377,1
2378,1
2379,0
2380,0
2381,0
2382,1
2383,1
2384,1
2385,1
2386,1
2387,1
2388,0
2389,1
2390,0
2391,1
2392,0
2393,0
2394,1
2395,0
2396,0
2397,1
2398,0
2399,1
2400,0
2401,1
2402,1
2403,0
2404,0
2405,0
2406,1
2407,1
2408,0
2409,1
2410,1
2411,0
2412,1
2413,0
2414,1
2415,0
2416,1
2417,1
2418,0
2419,1
2420,0
2421,1
2422,1
2423,1
2424,0
2425,1
2426,1
2427,0
2428,1
2429,1
2430,1
2431,1
2432,1
2433,0
2434,0
2435,1
2436,1
2437,1
2438,0
2439,0
2440,0
2441,1
2442,0
2443,0
2444,1
2445,1
2446,1
2447,1
2448,0
2449,1
2450,0
2451,0
2452,0
2453,1
2454,0
2455,0
2456,0
2457,0
2458,0
2459,1
2460,0
2461,0
2462,1
2463,0
2464,0
2465,1
2466,0
2467,1
2468,1
2469,1
2470,1
2471,0
2472,0
2473,0
2474,0
2475,1
2476,0
2477,1
2478,0
2479,0
2480,0
2481,1
2482,0
2483,1
2484,1
2485,0
2486,1
2487,0
2488,0
2489,0
2490,0
2491,0
2492,1
2493,1
2494,0
2495,1
2496,0
2497,1
2498,1
2499,1
2500,0
2501,0
2502,1
2503,1
2504,0
2505,0
2506,1
2507,1
2508,1
2509,0
2510,0
2511,0
2512,0
2513,1
2514,0
2515,1
2516,1
2517,0
2518,1
2519,1
2520,1
2521,0
2522,0
2523,0
2524,1
2525,0
2526,0
2527,0
2528,1
2529,1
2530,0
2531,0
2532,1
2533,1
2534,1
2535,0
2536,0
2537,1
2538,1
2539,0
2540,1
2541,0
2542,1
2543,1
2544,0
2545,1
2546,0
2547,0
2548,1
2549,0
2550,0
2551,0
2552,1
2553,1
2554,1
2555,1
2556,0
2557,1
2558,1
2559,1
2560,1
2561,1
2562,1
2563,0
2564,1
2565,1
2566,1
2567,0
2568,1
2569,1
2570,1
2571,1
2572,0
2573,0
2574,1
2575,1
2576,1
2577,1
2578,1
2579,1
2580,1
2581,1
2582,1
2583,1
2584,1
2585,0
2586,1
2587,1
2588,0
2589,0
2590,1
2591,1
2592,1
2593,1
2594,0
2595,0
2596,1
2597,1
2598,1
2599,1
2600,0
2601,0
2602,1
2603,1
2604,1
2605,0
2606,1
2607,0
2608,1
2609,1
2610,1
2611,0
2612,0
2613,1
2614,0
2615,1
2616,0
2617,0
2618,1
2619,0
2620,1
2621,0
2622,0
2623,1
2624,1
2625,0
2626,1
2627,1
2628,0
2629,1
2630,1
2631,1
2632,0
2633,0
2634,1
2635,1
2636,1
2637,0
2638,1
2639,0
2640,1
2641,0
2642,1
2643,1
2644,0
2645,1
2646,1
2647,0
2648,1
2649,1
2650,0
2651,0
2652,1
2653,1
2654,1
2655,1
2656,1
2657,0
2658,1
2659,0
2660,0
2661,1
2662,0
2663,1
2664,0
2665,1
2666,0
2667,0
2668,1
2669,0
2670,1
2671,0
2672,1
2673,0
2674,0
2675,1
2676,1
2677,0
2678,1
2679,1
2680,1
2681,0
2682,1
2683,1
2684,0
2685,1
2686,1
2687,1
2688,0
2689,0
2690,1
2691,0
2692,0
2693,1
2694,1
2695,0
2696,1
2697,0
2698,1
2699,1
2700,0
2701,1
2702,0
2703,0
2704,0
2705,0
2706,1
2707,1
2708,1
2709,0
2710,0
2711,1
2712,1
2713,0
2714,0
2715,1
2716,0
2717,1
2718,0
2719,1
2720,1
2721,1
2722,0
2723,0
2724,1
2725,1
2726,1
2727,1
2728,1
2729,0
2730,1
2731,1
2732,0
2733,0
2734,0
2735,0
2736,0
2737,1
2738,0
2739,1
2740,0
2741,1
2742,0
2743,1
2744,1
2745,1
2746,1
2747,1
2748,1
2749,1
2750,0
2751,0
2752,1
2753,0
2754,0
2755,1
2756,1
2757,1
2758,0
2759,1
2760,1
2761,0
2762,0
2763,1
2764,0
2765,1
2766,1
2767,1
2768,0
2769,0
2770,0
2771,1
2772,1
2773,0
2774,0
2775,1
2776,1
2777,0
2778,1
2779,0
2780,0
2781,1
2782,0
2783,0
2784,1
2785,1
2786,1
2787,0
2788,1
2789,0
2790,0
2791,0
2792,1
2793,1
2794,1
2795,1
2796,1
2797,1
2798,0
2799,1
2800,0
2801,1
2802,1
2803,0
2804,0
2805,0
2806,1
2807,1
2808,0
2809,1
2810,0
2811,1
2812,1
2813,0
2814,1
2815,1
2816,0
2817,0
2818,0
2819,0
2820,1
2821,1
2822,0
2823,0
2824,0
2825,0
2826,1
2827,0
2828,0
2829,1
2830,1
2831,0
2832,0
2833,1
2834,0
2835,0
2836,1
2837,1
2838,0
2839,0
2840,1
2841,0
2842,0
2843,1
2844,1
2845,1
2846,0
2847,1
2848,1
2849,1
2850,0
2851,0
2852,1
2853,0
2854,1
2855,0
2856,0
2857,0
2858,0
2859,1
2860,0
2861,0
2862,0
2863,1
2864,1
2865,1
2866,1
2867,1
2868,0
2869,0
2870,0
2871,1
2872,1
2873,0
2874,1
2875,1
2876,1
2877,0
2878,1
2879,1
2880,1
2881,0
2882,1
2883,1
2884,1
2885,1
2886,0
2887,1
2888,0
2889,1
2890,1
2891,0
2892,0
2893,0
2894,1
2895,1
2896,0
2897,0
2898,0
2899,1
2900,1
2901,1
2902,0
2903,1
2904,1
2905,1
2906,0
2907,0
2908,1
2909,0
2910,1
2911,0
2912,0
2913,1
2914,0
2915,1
2916,0
2917,1
2918,1
2919,0
2920,1
2921,0
2922,1
2923,0
2924,1
2925,1
2926,1
2927,0
2928,1
2929,1
2930,1
2931,1
2932,0
2933,1
2934,1
2935,1
2936,0
2937,1
2938,1
2939,1
2940,1
2941,1
2942,1
2943,0
2944,0
2945,1
2946,0
2947,0
2948,1
2949,1
2950,1
2951,0
2952,1
2953,0
2954,0
2955,1
2956,1
2957,1
2958,1
2959,0
2960,0
2961,0
2962,0
2963,0
2964,1
2965,1
2966,1
2967,0
2968,1
2969,0
2970,1
2971,1
2972,1
2973,1
2974,0
2975,0
2976,1
2977,1
2978,1
2979,0
2980,0
2981,0
2982,1
2983,0
2984,1
2985,0
2986,0
2987,0
2988,1
2989,0
2990,0
2991,0
2992,1
2993,1
2994,1
2995,1
2996,0
2997,0
2998,1
2999,1
3000,1
3001,1
3002,1
3003,0
3004,0
3005,0
3006,1
3007,1
3008,0
3009,1
3010,1
3011,0
3012,0
3013,1
3014,0
3015,1
3016,0
3017,0
3018,0
3019,1
3020,0
3021,0
3022,1
3023,0
3024,0
3025,0
3026,0
3027,0
3028,0
3029,0
3030,0
3031,1
3032,1
3033,1
3034,1
3035,0
3036,1
3037,0
3038,1
3039,1
3040,0
3041,1
3042,0
3043,1
3044,1
3045,1
3046,1
3047,1
3048,0
3049,1
3050,1
3051,0
3052,1
3053,0
3054,0
3055,1
3056,0
3057,1
3058,0
3059,0
3060,1
3061,1
3062,1
3063,0
3064,1
3065,1
3066,1
3067,0
3068,1
3069,1
3070,0
3071,1
3072,1
3073,0
3074,1
3075,1
3076,0
3077,0
3078,1
3079,0
3080,0
3081,0
3082,1
3083,0
3084,1
3085,0
3086,1
3087,0
3088,0
3089,0
3090,0
3091,1
3092,1
3093,1
3094,0
3095,0
3096,0
3097,1
3098,0
3099,1
3100,0
3101,1
3102,0
3103,0
3104,1
3105,0
3106,0
3107,1
3108,1
3109,1
3110,1
3111,0
3112,0
3113,1
3114,1
3115,0
3116,0
3117,0
3118,1
3119,0
3120,1
3121,0
3122,0
3123,1
3124,0
3125,1
3126,1
3127,0
3128,0
3129,0
3130,1
3131,1
3132,0
3133,1
3134,1
3135,1
3136,1
3137,1
3138,0
3139,1
3140,0
3141,0
3142,0
3143,1
3144,1
3145,1
3146,1
3147,1
3148,0
3149,1
3150,0
3151,0
3152,0
3153,1
3154,1
3155,1
3156,0
3157,1
3158,1
3159,0
3160,1
3161,1
3162,0
3163,0
3164,1
3165,0
3166,1
3167,1
3168,1
3169,0
3170,0
3171,1
3172,1
3173,0
3174,0
3175,1
3176,1
3177,1
3178,1
3179,0
3180,0
3181,0
3182,0
3183,0
3184,1
3185,0
3186,0
3187,0
3188,0
3189,0
3190,1
3191,1
3192,1
3193,0
3194,0
3195,1
3196,0
3197,1
3198,0
3199,0
3200,0
3201,1
3202,0
3203,1
3204,0
3205,1
3206,0
3207,0
3208,1
3209,0
3210,0
3211,0
3212,1
3213,0
3214,1
3215,0
3216,1
3217,1
3218,0
3219,0
3220,1
3221,1
3222,1
3223,1
3224,0
3225,1
3226,1
3227,0
3228,0
3229,1
3230,1
3231,1
3232,1
3233,0
3234,1
3235,1
3236,1
3237,1
3238,1
3239,0
3240,1
3241,0
3242,1
3243,1
3244,1
3245,0
3246,0
3247,0
3248,1
3249,0
3250,1
3251,0
3252,1
3253,0
3254,0
3255,0
3256,0
3257,0
3258,1
3259,1
3260,1
3261,1
3262,0
3263,0
3264,0
3265,1
3266,1
3267,1
3268,1
3269,0
3270,1
3271,1
3272,1
3273,1
3274,1
3275,0
3276,0
3277,1
3278,0
3279,1
3280,0
3281,1
3282,1
3283,1
3284,0
3285,1
3286,1
3287,0
3288,1
3289,0
3290,0
3291,1
3292,1
3293,1
3294,1
3295,0
3296,0
3297,0
3298,1
3299,1
3300,0
3301,1
3302,1
3303,1
3304,1
3305,0
3306,0
3307,0
3308,1
3309,0
3310,1
3311,1
3312,1
3313,1
3314,1
3315,1
3316,1
3317,0
3318,1
3319,0
3320,1
3321,1
3322,0
3323,1
3324,0
3325,1
3326,1
3327,1
3328,1
3329,1
3330,1
3331,0
3332,1
3333,0
3334,1
3335,1
3336,1
3337,1
3338,0
3339,1
3340,1
3341,0
3342,0
3343,1
3344,0
3345,0
3346,1
3347,0
3348,1
3349,0
3350,0
3351,1
3352,0
3353,0
3354,1
3355,1
3356,1
3357,0
3358,0
3359,0
3360,1
3361,0
3362,1
3363,0
3364,0
3365,1
3366,1
3367,1
3368,0
3369,0
3370,1
3371,0
3372,0
3373,0
3374,0
3375,1
3376,0
3377,1
3378,0
3379,1
3380,1
3381,0
3382,0
3383,0
3384,0
3385,0
3386,0
3387,0
3388,1
3389,0
3390,1
3391,1
3392,1
3393,1
3394,0
3395,0
3396,0
3397,1
3398,1
3399,1
3400,0
3401,1
3402,0
3403,1
3404,0
3405,0
3406,0
3407,0
3408,1
3409,0
3410,0
3411,0
3412,1
3413,1
3414,0
3415,0
3416,1
3417,1
3418,1
3419,0
3420,0
3421,0
3422,1
3423,0
3424,1
3425,0
3426,1
3427,0
3428,1
3429,1
3430,1
3431,1
3432,1
3433,0
3434,0
3435,0
3436,0
3437,1
3438,1
3439,1
3440,1
3441,0
3442,1
3443,1
3444,1
3445,0
3446,1
3447,0
3448,1
3449,1
3450,1
3451,1
3452,1
3453,0
3454,0
3455,1
3456,0
3457,0
3458,0
3459,0
3460,0
3461,0
3462,0
3463,1
3464,1
3465,1
3466,1
3467,1
3468,1
3469,0
3470,1
3471,0
3472,0
3473,0
3474,1
3475,0
3476,0
3477,0
3478,0
3479,1
3480,0
3481,1
3482,1
3483,0
3484,1
3485,0
3486,1
3487,1
3488,1
3489,1
3490,1
3491,1
3492,1
3493,1
3494,0
3495,1
3496,1
3497,1
3498,0
3499,0
3500,0
3501,1
3502,0
3503,0
3504,1
3505,1
3506,1
3507,0
3508,1
3509,1
3510,0
3511,1
3512,1
3513,0
3514,0
3515,0
3516,1
3517,0
3518,0
3519,0
3520,1
3521,1
3522,0
3523,1
3524,0
3525,0
3526,0
3527,0
3528,0
3529,0
3530,1
3531,1
3532,1
3533,0
3534,1
3535,1
3536,1
3537,1
3538,0
3539,1
3540,1
3541,0
3542,0
3543,1
3544,0
3545,1
3546,1
3547,1
3548,0
3549,1
3550,1
3551,1
3552,1
3553,1
3554,0
3555,0
3556,1
3557,0
3558,1
3559,0
3560,0
3561,1
3562,0
3563,1
3564,0
3565,0
3566,1
3567,1
3568,1
3569,0
3570,1
3571,1
3572,0
3573,0
3574,0
3575,1
3576,0
3577,0
3578,0
3579,0
3580,0
3581,0
3582,1
3583,1
3584,1
3585,1
3586,0
3587,1
3588,0
3589,0
3590,1
3591,1
3592,1
3593,0
3594,1
3595,0
3596,1
3597,0
3598,0
3599,0
3600,1
3601,0
3602,0
3603,0
3604,1
3605,1
3606,0
3607,1
3608,0
3609,0
3610,1
3611,1
3612,0
3613,1
3614,0
3615,0
3616,1
3617,1
3618,1
3619,0
3620,0
3621,1
3622,1
3623,1
3624,1
3625,0
3626,0
3627,1
3628,1
3629,0
3630,1
3631,1
3632,1
3633,0
3634,0
3635,1
3636,1
3637,0
3638,1
3639,1
3640,1
3641,0
3642,0
3643,1
3644,1
3645,1
3646,0
3647,1
3648,1
3649,0
3650,0
3651,1
3652,1
3653,1
3654,1
3655,1
3656,1
3657,1
3658,1
3659,0
3660,0
3661,1
3662,1
3663,0
3664,0
3665,1
3666,0
3667,0
3668,1
3669,1
3670,1
3671,1
3672,1
3673,1
3674,0
3675,0
3676,0
3677,1
3678,1
3679,0
3680,1
3681,1
3682,1
3683,0
3684,1
3685,1
3686,0
3687,0
3688,0
3689,1
3690,1
3691,1
3692,1
3693,1
3694,0
3695,0
3696,0
3697,1
3698,1
3699,0
3700,0
3701,1
3702,1
3703,1
3704,0
3705,0
3706,0
3707,1
3708,1
3709,1
3710,1
3711,1
3712,0
3713,0
3714,1
3715,0
3716,1
3717,0
3718,1
3719,0
3720,0
3721,0
3722,1
3723,0
3724,0
3725,1
3726,1
3727,0
3728,1
3729,0
3730,0
3731,1
3732,1
3733,1
3734,1
3735,1
3736,1
3737,1
3738,1
3739,1
3740,1
3741,0
3742,1
3743,1
3744,1
3745,1
3746,1
3747,0
3748,1
3749,0
3750,1
3751,1
3752,0
3753,0
3754,1
3755,0
3756,0
3757,1
3758,0
3759,0
3760,0
3761,1
3762,0
3763,0
3764,1
3765,0
3766,1
3767,0
3768,0
3769,0
3770,1
3771,0
3772,0
3773,0
3774,1
3775,1
3776,0
3777,0
3778,0
3779,1
3780,1
3781,1
3782,1
3783,0
3784,1
3785,1
3786,0
3787,1
3788,1
3789,1
3790,1
3791,0
3792,0
3793,1
3794,1
3795,1
3796,0
3797,1
3798,0
3799,0
3800,1
3801,1
3802,1
3803,0
3804,1
3805,0
3806,1
3807,1
3808,0
3809,0
3810,1
3811,1
3812,0
3813,1
3814,0
3815,1
3816,1
3817,1
3818,1
3819,0
3820,0
3821,1
3822,1
3823,1
3824,1
3825,1
3826,1
3827,1
3828,1
3829,0
3830,1
3831,1
3832,0
3833,0
3834,0
3835,1
3836,1
3837,0
3838,0
3839,0
3840,0
3841,1
3842,1
3843,1
3844,1
3845,1
3846,1
3847,0
3848,1
3849,1
3850,0
3851,0
3852,1
3853,1
3854,1
3855,0
3856,0
3857,1
3858,1
3859,0
3860,1
3861,0
3862,1
3863,1
3864,1
3865,0
3866,1
3867,0
3868,1
3869,0
3870,1
3871,0
3872,1
3873,1
3874,1
3875,1
3876,1
3877,0
3878,0
3879,0
3880,0
3881,0
3882,1
3883,1
3884,0
3885,0
3886,1
3887,1
3888,0
3889,1
3890,0
3891,1
3892,1
3893,0
3894,0
3895,1
3896,1
3897,1
3898,0
3899,1
3900,0
3901,0
3902,0
3903,0
3904,0
3905,1
3906,0
3907,0
3908,1
3909,1
3910,1
3911,0
3912,0
3913,1
3914,1
3915,1
3916,1
3917,1
3918,1
3919,1
3920,0
3921,0
3922,0
3923,1
3924,1
3925,1
3926,1
3927,0
3928,0
3929,0
3930,0
3931,1
3932,0
3933,0
3934,1
3935,1
3936,0
3937,0
3938,0
3939,1
3940,1
3941,0
3942,1
3943,1
3944,0
3945,0
3946,1
3947,0
3948,1
3949,1
3950,0
3951,1
3952,1
3953,1
3954,1
3955,0
3956,1
3957,0
3958,0
3959,1
3960,0
3961,1
3962,0
3963,1
3964,0
3965,0
3966,0
3967,1
3968,1
3969,0
3970,1
3971,1
3972,1
3973,1
3974,0
3975,1
3976,0
3977,1
3978,0
3979,1
3980,1
3981,1
3982,0
3983,0
3984,1
3985,1
3986,0
3987,0
3988,0
3989,1
3990,0
3991,0
3992,0
3993,0
3994,1
3995,1
3996,1
3997,1
3998,0
3999,1
4000,0
4001,0
4002,1
4003,0
4004,1
4005,0
4006,0
4007,1
4008,1
4009,0
4010,1
4011,1
4012,0
4013,0
4014,0
4015,0
4016,0
4017,1
4018,1
4019,1
4020,1
4021,1
4022,0
4023,0
4024,0
4025,0
4026,0
4027,0
4028,1
4029,0
4030,0
4031,0
4032,0
4033,0
4034,1
4035,0
4036,1
4037,1
4038,1
4039,1
4040,0
4041,0
4042,1
4043,0
4044,0
4045,0
4046,0
4047,0
4048,1
4049,0
4050,1
4051,1
4052,0
4053,1
4054,0
4055,0
4056,0
4057,1
4058,0
4059,0
4060,1
4061,1
4062,1
4063,0
4064,1
4065,1
4066,1
4067,1
4068,0
4069,0
4070,1
4071,0
4072,1
4073,1
4074,1
4075,1
4076,1
4077,0
4078,0
4079,1
4080,0
4081,0
4082,0
4083,1
4084,1
4085,0
4086,1
4087,0
4088,0
4089,1
4090,0
4091,0
4092,1
4093,1
4094,0
4095,0
4096,1
4097,0
4098,1
4099,1
4100,0
4101,1
4102,0
4103,0
4104,0
4105,1
4106,1
4107,0
4108,1
4109,0
4110,0
4111,1
4112,1
4113,0
4114,1
4115,1
4116,1
4117,1
4118,1
4119,1
4120,1
4121,1
4122,0
4123,0
4124,0
4125,0
4126,1
4127,1
4128,1
4129,0
4130,0
4131,1
4132,1
4133,1
4134,0
4135,1
4136,0
4137,0
4138,1
4139,1
4140,1
4141,1
4142,1
4143,1
4144,1
4145,1
4146,0
4147,0
4148,0
4149,1
4150,1
4151,0
4152,0
4153,0
4154,1
4155,1
4156,0
4157,1
4158,1
4159,0
4160,1
4161,0
4162,0
4163,0
4164,1
4165,0
4166,0
4167,0
4168,1
4169,1
4170,1
4171,1
4172,1
4173,0
4174,0
4175,1
4176,1
4177,1
4178,0
4179,1
4180,0
4181,0
4182,0
4183,1
4184,0
4185,1
4186,0
4187,1
4188,0
4189,1
4190,1
4191,1
4192,0
4193,1
4194,0
4195,1
4196,1
4197,0
4198,1
4199,1
4200,1
4201,1
4202,1
4203,0
4204,1
4205,1
4206,1
4207,1
4208,1
4209,1
4210,0
4211,1
4212,1
4213,1
4214,0
4215,1
4216,1
4217,0
4218,1
4219,1
4220,1
4221,0
4222,0
4223,0
4224,0
4225,0
4226,0
4227,0
4228,0
4229,0
4230,0
4231,1
4232,0
4233,0
4234,0
4235,1
4236,0
4237,1
4238,1
4239,0
4240,0
4241,1
4242,1
4243,0
4244,0
4245,1
4246,0
4247,0
4248,0
4249,1
4250,1
4251,1
4252,0
4253,1
4254,0
4255,1
4256,0
4257,0
4258,0
4259,1
4260,0
4261,0
4262,1
4263,0
4264,1
4265,0
4266,1
4267,0
4268,0
4269,0
4270,0
4271,1
4272,1
4273,1
4274,0
4275,0
4276,1
4277,0
4278,1
4279,1
4280,0
4281,1
4282,1
4283,1
4284,1
4285,0
4286,1
4287,0
4288,0
4289,0
4290,0
4291,1
4292,1
4293,0
4294,1
4295,0
4296,0
4297,1
4298,1
4299,0
4300,1
4301,1
4302,0
4303,0
4304,0
4305,0
4306,1
4307,0
4308,0
4309,1
4310,1
4311,1
4312,1
4313,0
4314,1
4315,1
4316,1
4317,1
4318,0
4319,1
4320,1
4321,0
4322,0
4323,0
4324,0
4325,1
4326,0
4327,1
4328,1
4329,0
4330,0
4331,1
4332,1
4333,1
4334,1
4335,1
4336,1
4337,0
4338,1
4339,1
4340,0
4341,1
4342,1
4343,1
4344,1
4345,1
4346,0
4347,1
4348,1
4349,0
4350,0
4351,1
4352,1
4353,1
4354,1
4355,1
4356,1
4357,0
4358,0
4359,0
4360,1
4361,0
4362,1
4363,1
4364,1
4365,0
4366,0
4367,1
4368,1
4369,1
4370,1
4371,0
4372,1
4373,1
4374,1
4375,0
4376,1
4377,0
4378,1
4379,0
4380,1
4381,0
4382,1
4383,1
4384,1
4385,0
4386,1
4387,1
4388,0
4389,1
4390,1
4391,1
4392,1
4393,1
4394,1
4395,1
4396,0
4397,1
4398,0
4399,1
4400,0
4401,1
4402,1
4403,0
4404,0
4405,0
4406,1
4407,1
4408,0
4409,1
4410,0
4411,0
4412,1
4413,0
4414,1
4415,0
4416,1
4417,0
4418,1
4419,1
4420,1
4421,1
4422,1
4423,1
4424,1
4425,1
4426,1
4427,0
4428,1
4429,1
4430,1
4431,0
4432,0
4433,0
4434,1
4435,0
4436,0
4437,0
4438,1
4439,1
4440,0
4441,0
4442,0
4443,1
4444,0
4445,1
4446,1
4447,0
4448,1
4449,0
4450,0
4451,1
4452,0
4453,1
4454,1
4455,0
4456,1
4457,0
4458,0
4459,0
4460,1
4461,1
4462,1
4463,0
4464,1
4465,1
4466,1
4467,0
4468,1
4469,1
4470,1
4471,1
4472,0
4473,1
4474,1
4475,1
4476,1
4477,0
4478,1
4479,1
4480,1
4481,1
4482,0
4483,0
4484,1
4485,0
4486,1
4487,0
4488,0
4489,1
4490,0
4491,0
4492,0
4493,1
4494,0
4495,1
4496,1
4497,1
4498,0
4499,1
4500,0
4501,1
4502,1
4503,1
4504,1
4505,1
4506,1
4507,1
4508,0
4509,1
4510,0
4511,0
4512,1
4513,1
4514,0
4515,0
4516,1
4517,0
4518,1
4519,0
4520,0
4521,0
4522,1
4523,0
4524,0
4525,1
4526,0
4527,1
4528,1
4529,1
4530,0
4531,1
4532,1
4533,0
4534,0
4535,1
4536,1
4537,1
4538,0
4539,1
4540,0
4541,0
4542,0
4543,1
4544,0
4545,1
4546,0
4547,1
4548,1
4549,1
4550,0
4551,1
4552,0
4553,0
4554,0
4555,0
4556,1
4557,0
4558,0
4559,1
4560,0
4561,1
4562,0
4563,1
4564,1
4565,1
4566,1
4567,0
4568,0
4569,1
4570,0
4571,1
4572,0
4573,1
4574,1
4575,1
4576,1
4577,0
4578,1
4579,1
4580,0
4581,0
4582,0
4583,0
4584,0
4585,1
4586,0
4587,0
4588,1
4589,1
4590,1
4591,0
4592,1
4593,1
4594,0
4595,1
4596,1
4597,0
4598,0
4599,0
4600,0
4601,0
4602,0
4603,0
4604,0
4605,1
4606,0
4607,0
4608,1
4609,0
4610,0
4611,1
4612,1
4613,1
4614,1
4615,1
4616,1
4617,1
4618,0
4619,0
4620,0
4621,0
4622,1
4623,1
4624,0
4625,1
4626,0
4627,1
4628,0
4629,1
4630,0
4631,0
4632,1
4633,1
4634,1
4635,0
4636,0
4637,1
4638,1
4639,1
4640,0
4641,0
4642,0
4643,1
4644,0
4645,1
4646,1
4647,1
4648,0
4649,0
4650,1
4651,0
4652,1
4653,1
4654,1
4655,0
4656,1
4657,1
4658,0
4659,1
4660,0
4661,1
4662,1
4663,1
4664,0
4665,0
4666,1
4667,1
4668,1
4669,1
4670,0
4671,1
4672,0
4673,0
4674,0
4675,0
4676,1
4677,1
4678,1
4679,0
4680,1
4681,0
4682,0
4683,1
4684,0
4685,0
4686,0
4687,1
4688,1
4689,1
4690,0
4691,1
4692,1
4693,0
4694,1
4695,0
4696,1
4697,1
4698,1
4699,0
4700,0
4701,1
4702,0
4703,0
4704,1
4705,1
4706,0
4707,0
4708,1
4709,1
4710,1
4711,1
4712,0
4713,1
4714,1
4715,0
4716,1
4717,0
4718,0
4719,0
4720,1
4721,1
4722,1
4723,0
4724,0
4725,1
4726,1
4727,1
4728,0
4729,1
4730,1
4731,0
4732,0
4733,0
4734,1
4735,1
4736,0
4737,1
4738,1
4739,1
4740,0
4741,0
4742,1
4743,1
4744,1
4745,1
4746,1
4747,1
4748,0
4749,1
4750,0
4751,0
4752,0
4753,1
4754,1
4755,1
4756,1
4757,0
4758,0
4759,1
4760,0
4761,1
4762,0
4763,0
4764,1
4765,1
4766,1
4767,1
4768,1
4769,1
4770,0
4771,1
4772,1
4773,1
4774,1
4775,1
4776,0
4777,1
4778,0
4779,1
4780,1
4781,0
4782,1
4783,1
4784,1
4785,0
4786,0
4787,1
4788,0
4789,0
4790,0
4791,1
4792,1
4793,1
4794,0
4795,0
4796,0
4797,1
4798,0
4799,1
4800,1
4801,1
4802,0
4803,0
4804,1
4805,0
4806,1
4807,0
4808,1
4809,1
4810,1
4811,1
4812,1
4813,1
4814,1
4815,1
4816,1
4817,1
4818,1
4819,1
4820,1
4821,1
4822,0
4823,0
4824,1
4825,0
4826,1
4827,1
4828,0
4829,1
4830,1
4831,0
4832,1
4833,1
4834,1
4835,1
4836,1
4837,0
4838,0
4839,0
4840,0
4841,1
4842,1
4843,1
4844,1
4845,0
4846,1
4847,0
4848,1
4849,1
4850,0
4851,0
4852,1
4853,0
4854,1
4855,0
4856,1
4857,1
4858,0
4859,0
4860,0
4861,0
4862,0
4863,0
4864,0
4865,0
4866,0
4867,0
4868,1
4869,1
4870,1
4871,1
4872,1
4873,0
4874,0
4875,0
4876,0
4877,0
4878,1
4879,0
4880,1
4881,0
4882,1
4883,0
4884,1
4885,0
4886,1
4887,0
4888,1
4889,0
4890,1
4891,1
4892,0
4893,0
4894,0
4895,1
4896,1
4897,0
4898,1
4899,0
4900,0
4901,0
4902,0
4903,1
4904,1
4905,0
4906,1
4907,1
4908,1
4909,1
4910,1
4911,0
4912,0
4913,1
4914,0
4915,0
4916,0
4917,1
4918,1
4919,1
4920,0
4921,0
4922,0
4923,1
4924,1
4925,0
4926,1
4927,0
4928,1
4929,1
4930,1
4931,0
4932,0
4933,1
4934,0
4935,1
4936,0
4937,0
4938,1
4939,1
4940,1
4941,0
4942,0
4943,0
4944,0
4945,0
4946,1
4947,1
4948,0
4949,1
4950,1
4951,0
4952,0
4953,0
4954,1
4955,0
4956,1
4957,1
4958,1
4959,1
4960,1
4961,0
4962,0
4963,1
4964,0
4965,1
4966,0
4967,0
4968,1
4969,1
4970,1
4971,1
4972,1
4973,0
4974,1
4975,1
4976,1
4977,1
4978,0
4979,1
4980,1
4981,0
4982,0
4983,0
4984,1
4985,1
4986,1
4987,0
4988,1
4989,1
4990,0
4991,1
4992,1
4993,0
4994,1
4995,0
4996,1
4997,1
4998,0
4999,0
5000,1
5001,1
5002,0
5003,1
5004,0
5005,1
5006,0
5007,1
5008,1
5009,1
5010,1
5011,1
5012,1
5013,1
5014,0
5015,1
5016,0
5017,1
5018,1
5019,1
5020,1
5021,0
5022,0
5023,0
5024,1
5025,1
5026,1
5027,0
5028,1
5029,1
5030,0
5031,0
5032,1
5033,0
5034,0
5035,0
5036,1
5037,1
5038,0
5039,0
5040,0
5041,0
5042,1
5043,0
5044,0
5045,1
5046,0
5047,0
5048,1
5049,0
5050,1
5051,0
5052,0
5053,0
5054,1
5055,1
5056,1
5057,1
5058,0
5059,1
5060,1
5061,0
5062,1
5063,1
5064,1
5065,1
5066,1
5067,1
5068,1
5069,1
5070,1
5071,1
5072,0
5073,0
5074,0
5075,1
5076,0
5077,1
5078,0
5079,0
5080,0
5081,0
5082,1
5083,0
5084,1
5085,0
5086,0
5087,1
5088,0
5089,1
5090,1
5091,1
5092,0
5093,1
5094,0
5095,1
5096,1
5097,1
5098,0
5099,0
5100,0
5101,0
5102,0
5103,0
5104,0
5105,1
5106,1
5107,0
5108,1
5109,1
5110,0
5111,0
5112,0
5113,0
5114,0
5115,1
5116,1
5117,1
5118,1
5119,0
5120,1
5121,1
5122,1
5123,1
5124,0
5125,1
5126,0
5127,0
5128,1
5129,0
5130,0
5131,0
5132,1
5133,1
5134,0
5135,1
5136,0
5137,1
5138,0
5139,0
5140,0
5141,1
5142,1
5143,1
5144,0
5145,1
5146,1
5147,0
5148,0
5149,1
5150,1
5151,1
5152,1
5153,1
5154,0
5155,0
5156,0
5157,0
5158,1
5159,1
5160,0
5161,1
5162,1
5163,0
5164,1
5165,0
5166,0
5167,1
5168,1
5169,0
5170,0
5171,0
5172,0
5173,1
5174,1
5175,1
5176,1
5177,1
5178,1
5179,1
5180,1
5181,0
5182,1
5183,1
5184,1
5185,1
5186,1
5187,1
5188,1
5189,0
5190,0
5191,0
5192,1
5193,1
5194,1
5195,0
5196,1
5197,0
5198,0
5199,1
5200,1
5201,1
5202,0
5203,0
5204,1
5205,1
5206,0
5207,1
5208,1
5209,1
5210,1
5211,1
5212,1
5213,1
5214,1
5215,1
5216,1
5217,0
5218,0
5219,0
5220,1
5221,1
5222,1
5223,0
5224,1
5225,1
5226,1
5227,1
5228,1
5229,1
5230,1
5231,0
5232,1
5233,0
5234,1
5235,0
5236,1
5237,1
5238,0
5239,0
5240,0
5241,1
5242,1
5243,1
5244,0
5245,1
5246,1
5247,1
5248,0
5249,1
5250,1
5251,1
5252,1
5253,0
5254,1
5255,1
5256,1
5257,1
5258,0
5259,0
5260,1
5261,1
5262,1
5263,0
5264,1
5265,0
5266,1
5267,1
5268,1
5269,1
5270,1
5271,1
5272,1
5273,1
5274,1
5275,0
5276,1
5277,1
5278,1
5279,0
5280,0
5281,0
5282,1
5283,1
5284,0
5285,0
5286,0
5287,1
5288,1
5289,1
5290,1
5291,0
5292,1
5293,0
5294,1
5295,0
5296,0
5297,1
5298,0
5299,0
5300,1
5301,0
5302,1
5303,1
5304,1
5305,1
5306,0
5307,1
5308,0
5309,1
5310,1
5311,0
5312,1
5313,1
5314,0
5315,1
5316,0
5317,1
5318,1
5319,0
5320,1
5321,1
5322,1
5323,1
5324,0
5325,1
5326,1
5327,1
5328,1
5329,1
5330,0
5331,0
5332,1
5333,1
5334,0
5335,1
5336,1
5337,1
5338,0
5339,1
5340,1
5341,1
5342,1
5343,1
5344,0
5345,1
5346,0
5347,1
5348,1
5349,0
5350,1
5351,0
5352,1
5353,1
5354,0
5355,0
5356,0
5357,1
5358,1
5359,0
5360,1
5361,1
5362,0
5363,0
5364,1
5365,0
5366,0
5367,1
5368,0
5369,1
5370,1
5371,1
5372,0
5373,0
5374,1
5375,1
5376,0
5377,1
5378,1
5379,1
5380,1
5381,1
5382,0
5383,0
5384,0
5385,0
5386,0
5387,0
5388,1
5389,0
5390,0
5391,0
5392,1
5393,1
5394,0
5395,0
5396,1
5397,0
5398,1
5399,1
5400,0
5401,0
5402,1
5403,1
5404,1
5405,1
5406,1
5407,1
5408,1
5409,1
5410,1
5411,0
5412,0
5413,0
5414,0
5415,0
5416,1
5417,1
5418,0
5419,1
5420,0
5421,1
5422,0
5423,1
5424,1
5425,1
5426,0
5427,1
5428,1
5429,1
5430,1
5431,0
5432,0
5433,1
5434,1
5435,0
5436,1
5437,0
5438,1
5439,1
5440,1
5441,0
5442,0
5443,1
5444,1
5445,1
5446,1
5447,0
5448,0
5449,1
5450,0
5451,1
5452,1
5453,1
5454,1
5455,1
5456,0
5457,1
5458,0
5459,0
5460,1
5461,1
5462,1
5463,1
5464,1
5465,1
5466,1
5467,1
5468,1
5469,0
5470,1
5471,0
5472,1
5473,0
5474,0
5475,1
5476,0
5477,0
5478,1
5479,1
5480,1
5481,1
5482,0
5483,1
5484,0
5485,1
5486,0
5487,1
5488,0
5489,1
5490,0
5491,0
5492,0
5493,0
5494,0
5495,0
5496,0
5497,1
5498,0
5499,1
5500,0
5501,1
5502,0
5503,1
5504,1
5505,0
5506,0
5507,0
5508,1
5509,1
5510,1
5511,0
5512,0
5513,1
5514,0
5515,1
5516,0
5517,1
5518,0
5519,1
5520,0
5521,1
5522,1
5523,0
5524,0
5525,1
5526,0
5527,0
5528,0
5529,1
5530,1
5531,0
5532,1
5533,1
5534,1
5535,1
5536,1
5537,1
5538,1
5539,0
5540,0
5541,1
5542,0
5543,0
5544,1
5545,0
5546,0
5547,1
5548,0
5549,1
5550,0
5551,1
5552,0
5553,0
5554,1
5555,0
5556,0
5557,0
5558,1
5559,1
5560,1
5561,1
5562,0
5563,1
5564,0
5565,1
5566,0
5567,0
5568,1
5569,0
5570,1
5571,0
5572,0
5573,1
5574,0
5575,1
5576,1
5577,0
5578,1
5579,1
5580,0
5581,1
5582,0
5583,0
5584,1
5585,0
5586,0
5587,0
5588,1
5589,0
5590,1
5591,1
5592,1
5593,0
5594,0
5595,1
5596,1
5597,0
5598,0
5599,1
5600,0
5601,1
5602,1
5603,1
5604,1
5605,1
5606,1
5607,1
5608,1
5609,1
5610,0
5611,0
5612,1
5613,1
5614,0
5615,1
5616,1
5617,1
5618,1
5619,0
5620,0
5621,1
5622,1
5623,1
5624,1
5625,0
5626,1
5627,1
5628,1
5629,1
5630,1
5631,0
5632,1
5633,1
5634,1
5635,0
5636,1
5637,0
5638,0
5639,0
5640,1
5641,1
5642,1
5643,0
5644,1
5645,0
5646,1
5647,1
5648,1
5649,1
5650,1
5651,0
5652,0
5653,0
5654,0
5655,0
5656,0
5657,1
5658,0
5659,1
5660,1
5661,0
5662,0
5663,1
5664,1
5665,1
5666,0
5667,1
5668,1
5669,0
5670,0
5671,0
5672,1
5673,0
5674,1
5675,1
5676,1
5677,0
5678,1
5679,1
5680,0
5681,0
5682,1
5683,1
5684,0
5685,0
5686,0
5687,1
5688,0
5689,0
5690,0
5691,1
5692,1
5693,1
5694,1
5695,0
5696,1
5697,0
5698,1
5699,1
5700,1
5701,0
5702,1
5703,1
5704,1
5705,0
5706,0
5707,1
5708,1
5709,0
5710,1
5711,1
5712,1
5713,0
5714,0
5715,1
5716,0
5717,1
5718,0
5719,1
5720,1
5721,1
5722,1
5723,1
5724,0
5725,1
5726,1
5727,1
5728,1
5729,0
5730,1
5731,0
5732,1
5733,0
5734,0
5735,1
5736,0
5737,0
5738,1
5739,1
5740,1
5741,1
5742,1
5743,1
5744,1
5745,0
5746,0
5747,1
5748,1
5749,0
5750,1
5751,0
5752,0
5753,0
5754,1
5755,1
5756,0
5757,1
5758,0
5759,0
5760,1
5761,1
5762,0
5763,1
5764,1
5765,1
5766,0
5767,0
5768,1
5769,0
5770,0
5771,1
5772,1
5773,1
5774,1
5775,1
5776,0
5777,1
5778,1
5779,0
5780,1
5781,0
5782,0
5783,1
5784,0
5785,0
5786,1
5787,1
5788,1
5789,1
5790,0
5791,1
5792,0
5793,1
5794,0
5795,1
5796,1
5797,1
5798,1
5799,1
5800,1
5801,1
5802,1
5803,0
5804,0
5805,1
5806,1
5807,0
5808,0
5809,0
5810,0
5811,1
5812,0
5813,1
5814,1
5815,0
5816,1
5817,1
5818,0
5819,1
5820,1
5821,0
5822,0
5823,0
5824,0
5825,1
5826,0
5827,1
5828,1
5829,0
5830,1
5831,1
5832,1
5833,1
5834,0
5835,0
5836,1
5837,0
5838,0
5839,1
5840,1
5841,1
5842,0
5843,1
5844,1
5845,0
5846,1
5847,1
5848,1
5849,1
5850,0
5851,1
5852,0
5853,1
5854,0
5855,1
5856,1
5857,0
5858,0
5859,1
5860,0
5861,1
5862,0
5863,0
5864,1
5865,1
5866,0
5867,1
5868,0
5869,1
5870,0
5871,0
5872,1
5873,1
5874,0
5875,0
5876,0
5877,0
5878,1
5879,1
5880,1
5881,0
5882,1
5883,1
5884,0
5885,1
5886,1
5887,1
5888,0
5889,1
5890,0
5891,1
5892,1
5893,1
5894,0
5895,1
5896,1
5897,0
5898,1
5899,1
5900,1
5901,0
5902,0
5903,1
5904,0
5905,1
5906,0
5907,0
5908,0
5909,1
5910,1
5911,0
5912,1
5913,1
5914,0
5915,1
5916,1
5917,1
5918,1
5919,1
5920,0
5921,1
5922,0
5923,0
5924,0
5925,0
5926,0
5927,0
5928,1
5929,1
5930,0
5931,0
5932,1
5933,0
5934,1
5935,1
5936,1
5937,0
5938,1
5939,1
5940,1
5941,1
5942,1
5943,0
5944,0
5945,1
5946,0
5947,1
5948,1
5949,1
5950,1
5951,1
5952,0
5953,1
5954,0
5955,0
5956,0
5957,1
5958,0
5959,1
5960,1
5961,1
5962,0
5963,1
5964,1
5965,1
5966,0
5967,0
5968,0
5969,0
5970,0
5971,0
5972,1
5973,0
5974,0
5975,0
5976,0
5977,0
5978,1
5979,1
5980,1
5981,0
5982,0
5983,1
5984,0
5985,1
5986,1
5987,0
5988,0
5989,0
5990,0
5991,1
5992,0
5993,1
5994,0
5995,0
5996,1
5997,1
5998,1
5999,1
